"Country,Year 2015,Year 2016,Year 2017,Year 2018,Year 2019,Year 2020,Year 2021,Year 2022 Forecast,Year 2023 Forecast,Year 2024 Forecast,Year 2025 Forecast,Year 2026 Forecast"
" Afghanistan , $705,60 , $617,13 , $635,79 , $582,32 , $586,20 , $611,27 , no data , no data , no data , no data , no data , no data "
" Lebanon , $7 663,88 , $7 653,69 , $7 819,59 , $8 058,46 , $7 639,10 , $2 784,82 , no data , no data , no data , no data , no data , no data "
" Pakistan , $1 422,92 , $1 436,37 , $1 544,17 , $1 557,89 , $1 352,72 , $1 254,86 , no data , no data , no data , no data , no data , no data "
" Syria , no data , no data , no data , no data , no data , no data , no data , no data , no data , no data , no data , no data "
" Venezuela , $10 568,10 , $9 092,02 , $4 725,05 , $3 404,43 , $2 299,31 , $1 690,66 , $1 627,35 , $1 617,76 , no data , no data , no data , no data "
" Luxembourg , $102 624,73 , $105 364,03 , $108 621,94 , $117 859,72 , $115 838,95 , $116 921,11 , $131 301,60 , $137 947,81 , $144 013,31 , $149 736,40 , $155 059,54 , $160 140,74 "
" Ireland , $61 861,20 , $62 632,81 , $69 486,55 , $78 837,74 , $80 632,33 , $85 205,50 , $102 394,02 , $108 162,69 , $114 839,26 , $121 081,09 , $127 640,06 , $134 412,12 "
" Switzerland , $85 238,52 , $83 515,54 , $83 700,47 , $86 762,02 , $85 721,73 , $87 366,60 , $93 515,48 , $98 770,71 , $102 030,38 , $106 657,09 , $110 400,08 , $115 413,44 "
" Macao SAR , $69 666,75 , $69 910,52 , $77 257,33 , $82 862,88 , $81 156,61 , $35 621,46 , $42 106,56 , $59 113,56 , $75 353,68 , $87 687,89 , $92 654,97 , $97 329,24 "
" Norway , $74 115,16 , $70 223,82 , $75 306,67 , $82 082,12 , $75 700,22 , $67 326,07 , $82 244,23 , $84 119,22 , $86 429,97 , $88 167,22 , $89 679,84 , $91 231,21 "
" United States , $56 729,68 , $57 839,99 , $59 885,71 , $62 769,66 , $65 051,88 , $63 358,49 , $69 375,38 , $74 725,00 , $77 881,31 , $80 714,78 , $83 563,82 , $86 428,68 "
" Denmark , $53 478,50 , $54 862,85 , $57 772,55 , $61 724,49 , $59 861,61 , $61 153,92 , $67 919,59 , $70 769,47 , $74 314,29 , $78 079,21 , $81 950,18 , $85 818,70 "
" Iceland , $53 227,63 , $62 530,42 , $73 085,13 , $75 382,60 , $69 631,27 , $59 643,09 , $68 843,65 , $72 317,58 , $73 881,65 , $76 323,21 , $80 325,24 , $84 467,26 "
" Singapore , $55 645,61 , $56 846,27 , $61 175,44 , $66 675,77 , $65 641,31 , $59 794,60 , $66 263,42 , $69 129,04 , $72 492,13 , $75 869,29 , $79 169,49 , $82 521,65 "
" Australia , $51 484,64 , $51 915,24 , $55 915,00 , $56 460,90 , $54 476,91 , $52 905,40 , $62 618,59 , $64 895,02 , $67 842,29 , $70 479,93 , $73 061,70 , $75 670,28 "
" Sweden , $51 274,28 , $51 590,47 , $53 459,07 , $54 295,73 , $51 694,50 , $52 129,13 , $58 639,19 , $61 680,60 , $65 769,75 , $68 523,93 , $72 034,54 , $75 506,93 "
" Netherlands , $45 302,80 , $46 165,18 , $48 799,87 , $53 224,69 , $52 672,50 , $52 456,09 , $57 714,88 , $61 159,44 , $64 246,82 , $67 172,75 , $70 101,47 , $72 893,26 "
" Austria , $44 267,81 , $45 278,83 , $47 317,91 , $51 246,15 , $50 246,61 , $48 592,71 , $53 793,37 , $57 878,72 , $60 403,54 , $63 314,96 , $67 294,42 , $70 818,95 "
" Qatar , $66 346,91 , $57 965,38 , $59 127,51 , $66 421,69 , $62 817,06 , $54 184,97 , $61 790,57 , $64 768,01 , $65 466,92 , $67 109,34 , $68 739,54 , $70 733,99 "
" Finland , $42 867,09 , $43 865,76 , $46 437,21 , $50 033,31 , $48 716,22 , $48 786,03 , $53 522,57 , $56 832,60 , $59 545,36 , $62 432,40 , $65 676,15 , $68 389,28 "
" Advanced economies , $43 091,56 , $44 018,65 , $45 712,84 , $48 185,65 , $48 470,66 , $47 161,29 , $52 111,46 , $55 863,32 , $58 514,46 , $60 929,15 , $63 338,05 , $65 738,48 "
" Canada , $43 626,47 , $42 382,64 , $45 191,96 , $46 532,17 , $46 399,71 , $43 294,80 , $52 791,23 , $56 739,82 , $59 125,56 , $61 237,17 , $63 293,42 , $65 414,36 "
" Germany , $41 107,22 , $42 124,45 , $44 636,70 , $47 995,38 , $46 800,18 , $46 215,60 , $50 787,86 , $54 653,00 , $57 208,89 , $59 728,20 , $62 235,56 , $64 800,87 "
" Belgium , $41 147,26 , $42 076,40 , $44 274,07 , $47 718,41 , $46 555,09 , $44 688,46 , $50 412,71 , $53 452,46 , $55 938,77 , $58 206,32 , $60 422,10 , $62 570,41 "
" San Marino , $43 068,69 , $44 308,67 , $45 887,69 , $49 477,28 , $48 368,00 , $46 282,47 , $50 934,19 , $53 800,03 , $55 816,02 , $57 678,93 , $59 949,81 , $62 122,03 "
" Hong Kong SAR , $42 325,35 , $43 491,31 , $46 032,29 , $48 313,14 , $48 268,22 , $46 657,20 , $49 485,08 , $51 895,03 , $54 237,70 , $56 619,57 , $59 126,85 , $61 800,65 "
" United Kingdom , $45 053,49 , $41 177,83 , $40 349,87 , $43 063,74 , $42 416,60 , $40 394,13 , $46 200,26 , $50 879,45 , $52 730,91 , $55 160,08 , $57 857,40 , $60 613,93 "
" Israel , $35 822,86 , $37 341,60 , $40 790,93 , $42 079,34 , $43 965,66 , $44 181,17 , $49 840,25 , $52 504,19 , $54 444,87 , $56 247,48 , $57 972,97 , $59 647,13 "
" New Zealand , $38 200,04 , $39 426,72 , $42 334,70 , $42 839,82 , $42 210,23 , $41 164,58 , $48 348,99 , $51 706,90 , $53 795,62 , $55 273,04 , $56 739,21 , $58 293,30 "
" France , $37 918,77 , $38 332,68 , $40 053,62 , $43 021,38 , $41 989,67 , $40 298,85 , $45 028,27 , $47 952,13 , $49 974,95 , $51 873,76 , $53 661,16 , $55 393,83 "
" Japan , $35 005,66 , $39 411,42 , $38 903,30 , $39 818,80 , $40 689,79 , $40 088,60 , $40 704,30 , $43 118,83 , $46 138,06 , $48 159,22 , $50 047,52 , $51 797,33 "
" United Arab Emirates , $40 064,45 , $39 144,67 , $41 443,89 , $45 075,57 , $43 900,15 , $38 661,18 , $43 537,69 , $44 752,86 , $45 670,15 , $46 748,56 , $48 008,21 , $49 445,50 "
" Andorra , $38 877,49 , $39 595,32 , $40 017,74 , $42 229,90 , $40 688,49 , $36 630,55 , $40 417,27 , $42 713,08 , $44 321,89 , $45 773,99 , $46 863,75 , $47 842,56 "
" Taiwan Province of China , $22 752,99 , $23 070,73 , $25 061,62 , $25 825,57 , $25 935,90 , $28 358,30 , $33 401,71 , $36 227,09 , $38 396,98 , $40 749,60 , $42 801,84 , $44 978,60 "
" Malta , $25 228,18 , $25 960,31 , $29 340,93 , $32 237,26 , $31 865,84 , $28 955,29 , $31 996,53 , $34 554,04 , $37 121,43 , $39 791,21 , $42 350,42 , $44 765,02 "
" Korea, Republic of , $28 737,44 , $29 274,23 , $31 600,74 , $33 433,17 , $31 936,80 , $31 638,46 , $35 195,52 , $36 791,51 , $38 790,77 , $40 759,46 , $42 719,39 , $44 610,65 "
" Italy , $30 463,70 , $31 190,79 , $32 648,76 , $34 921,01 , $33 521,34 , $31 604,43 , $35 584,88 , $38 168,69 , $39 831,37 , $41 252,80 , $42 688,76 , $44 059,79 "
" Slovenia , $20 898,86 , $21 681,28 , $23 511,32 , $26 217,34 , $26 039,10 , $25 548,77 , $28 939,27 , $31 025,51 , $33 172,85 , $35 312,34 , $37 544,96 , $39 807,17 "
" Spain , $25 764,22 , $26 535,55 , $28 196,76 , $30 423,17 , $29 576,25 , $27 179,45 , $30 536,86 , $33 171,17 , $34 906,78 , $36 508,45 , $37 985,71 , $39 389,01 "
" Estonia , $17 403,81 , $18 290,29 , $20 430,57 , $23 074,04 , $23 400,47 , $23 035,91 , $27 100,74 , $29 735,02 , $32 045,97 , $34 459,54 , $36 886,02 , $39 383,24 "
" Puerto Rico , $29 755,35 , $30 585,55 , $31 347,27 , $32 789,06 , $32 785,94 , $32 645,40 , $34 143,27 , $35 106,44 , $35 939,72 , $36 693,81 , $37 518,20 , $38 414,45 "
" Cyprus , $23 428,72 , $24 692,50 , $26 580,49 , $29 300,33 , $28 487,98 , $26 784,89 , $29 486,28 , $30 995,78 , $32 875,53 , $34 495,44 , $36 206,53 , $38 034,16 "
" Bahamas, The , $32 648,64 , $32 565,04 , $33 191,21 , $34 094,37 , $34 575,62 , $25 734,16 , $27 437,20 , $30 584,62 , $32 368,22 , $34 008,96 , $35 092,86 , $36 069,75 "
" Czech Republic , $17 842,87 , $18 597,21 , $20 666,67 , $23 463,60 , $23 709,18 , $22 942,86 , $25 806,38 , $28 076,59 , $30 114,28 , $32 067,70 , $34 092,84 , $35 909,72 "
" Brunei Darussalam , $31 355,74 , $27 318,05 , $28 236,77 , $30 668,37 , $29 314,11 , $26 061,00 , $33 979,37 , $35 148,83 , $33 907,08 , $33 825,98 , $33 948,82 , $34 239,63 "
" Aruba , $27 126,62 , $27 036,93 , $27 897,42 , $28 727,94 , $29 505,34 , $22 483,49 , $25 700,87 , $27 955,24 , $30 008,08 , $31 056,40 , $31 841,69 , $32 627,18 "
" Portugal , $19 252,02 , $19 986,36 , $21 482,83 , $23 573,29 , $23 333,32 , $22 148,80 , $24 457,14 , $26 404,14 , $27 997,75 , $29 467,57 , $30 933,38 , $32 293,54 "
" Lithuania , $14 265,41 , $15 004,19 , $16 879,45 , $19 184,84 , $19 557,39 , $19 981,34 , $22 411,65 , $24 209,40 , $25 977,97 , $27 685,60 , $29 342,91 , $30 897,27 "
" Kuwait , $27 398,08 , $25 267,15 , $27 193,90 , $29 903,56 , $28 513,43 , $22 683,64 , $27 927,16 , $28 821,61 , $28 794,89 , $28 992,74 , $29 413,94 , $30 151,31 "
" Bahrain , $22 659,37 , $22 641,28 , $23 631,59 , $25 049,64 , $25 925,28 , $23 589,96 , $26 293,95 , $27 052,97 , $27 678,48 , $28 412,12 , $29 209,05 , $30 038,18 "
" Slovak Republic , $16 326,59 , $16 529,16 , $17 553,89 , $19 395,85 , $19 288,57 , $19 144,92 , $21 383,29 , $23 323,33 , $25 146,38 , $26 830,34 , $28 486,60 , $30 017,18 "
" Latvia , $13 722,08 , $14 253,04 , $15 613,44 , $17 799,83 , $17 739,47 , $17 549,30 , $19 538,90 , $21 489,13 , $23 135,10 , $24 723,87 , $26 383,31 , $28 009,86 "
" Hungary , $12 690,17 , $13 069,23 , $14 590,90 , $16 407,35 , $16 729,13 , $15 866,22 , $18 527,59 , $20 380,16 , $22 174,26 , $23 863,29 , $25 422,59 , $26 975,87 "
" Saudi Arabia , $21 063,32 , $20 288,90 , $21 113,96 , $23 538,94 , $23 173,84 , $19 995,70 , $23 762,42 , $24 224,38 , $24 371,81 , $24 683,31 , $25 093,98 , $25 698,57 "
" Greece , $17 997,40 , $17 879,71 , $18 578,29 , $19 769,33 , $19 147,46 , $17 657,10 , $19 827,16 , $21 155,31 , $22 314,03 , $23 393,11 , $24 491,86 , $25 534,64 "
" Poland , $12 563,61 , $12 438,52 , $13 868,91 , $15 468,26 , $15 726,88 , $15 699,30 , $17 318,50 , $19 055,72 , $20 561,52 , $22 052,31 , $23 691,58 , $25 412,12 "
" Seychelles , $14 786,12 , $15 199,21 , $16 180,94 , $16 143,37 , $16 389,25 , $11 701,89 , $13 140,37 , $17 706,04 , $19 463,21 , $21 089,79 , $22 897,99 , $24 945,34 "
" Croatia , $11 780,60 , $12 362,59 , $13 450,09 , $15 013,37 , $14 945,18 , $13 895,94 , $15 807,70 , $17 222,70 , $18 728,15 , $20 112,76 , $21 231,56 , $22 366,51 "
" Romania , $8 942,20 , $9 520,44 , $10 776,67 , $12 361,14 , $12 861,28 , $12 867,64 , $14 863,89 , $16 293,05 , $17 869,73 , $19 284,43 , $20 777,38 , $22 268,77 "
" Saint Kitts and Nevis , $17 654,13 , $18 397,05 , $19 144,10 , $19 269,74 , $20 602,48 , $17 173,24 , $16 917,16 , $18 728,92 , $19 655,86 , $20 336,16 , $21 004,13 , $21 773,21 "
" Barbados , $16 589,45 , $16 947,63 , $17 423,25 , $17 758,08 , $18 448,83 , $15 346,28 , $16 105,13 , $17 769,73 , $18 947,06 , $19 836,29 , $20 615,87 , $21 422,72 "
" Chile , $13 571,02 , $13 779,40 , $15 034,80 , $15 865,54 , $14 619,50 , $12 992,98 , $16 799,37 , $17 701,62 , $18 606,54 , $19 446,29 , $20 304,19 , $21 195,99 "
" Uruguay , $16 692,65 , $16 446,23 , $18 388,31 , $18 472,86 , $17 601,27 , $16 023,35 , $16 965,08 , $17 930,51 , $18 466,47 , $19 170,47 , $19 954,91 , $20 711,26 "
" Panama , $13 606,60 , $14 344,09 , $15 178,30 , $15 612,33 , $15 830,98 , $12 373,05 , $13 861,06 , $14 643,87 , $15 481,39 , $16 372,06 , $17 319,30 , $18 326,52 "
" Antigua and Barbuda , $14 696,89 , $15 556,01 , $15 655,23 , $16 860,96 , $17 451,55 , $13 967,33 , $14 117,84 , $15 196,34 , $16 137,47 , $16 950,96 , $17 633,72 , $18 228,01 "
" Trinidad and Tobago , $18 214,37 , $16 256,46 , $16 173,66 , $17 037,95 , $16 637,11 , $15 424,82 , $15 352,72 , $16 323,03 , $16 805,62 , $17 220,62 , $17 647,04 , $18 088,33 "
" Maldives , $11 781,03 , $12 348,71 , $13 201,45 , $14 476,59 , $15 148,80 , $9 888,65 , $11 899,09 , $13 550,91 , $15 223,42 , $16 169,69 , $17 104,02 , $18 081,88 "
" Oman , $16 570,74 , $14 834,59 , $15 482,13 , $17 338,96 , $16 529,39 , $14 255,09 , $17 632,65 , $18 226,55 , $17 888,76 , $17 750,79 , $17 741,89 , $17 903,92 "
" Palau , $16 408,16 , $16 776,84 , $16 028,19 , $16 328,65 , $15 725,08 , $14 731,70 , $11 835,18 , $13 602,82 , $15 695,71 , $16 414,20 , $17 017,28 , $17 566,78 "
" Guyana , $5 579,97 , $5 796,82 , $6 104,16 , $6 120,54 , $6 594,38 , $6 952,70 , $9 369,01 , $12 426,39 , $15 152,58 , $15 767,57 , $16 563,39 , $17 509,34 "
" China, People's Republic of , $8 034,29 , $8 063,45 , $8 760,26 , $9 848,95 , $10 170,06 , $10 511,34 , $11 891,20 , $12 990,01 , $14 040,08 , $15 141,55 , $16 295,35 , $17 492,96 "
" Bulgaria , $7 079,78 , $7 575,77 , $8 381,99 , $9 470,58 , $9 863,02 , $10 006,35 , $11 331,87 , $12 336,97 , $13 414,42 , $14 509,32 , $15 599,36 , $16 672,04 "
" Malaysia , $9 663,11 , $9 523,30 , $9 965,12 , $11 079,79 , $11 231,41 , $10 231,34 , $11 124,67 , $12 295,73 , $13 396,64 , $14 300,47 , $15 251,52 , $16 260,22 "
" World , $10 342,77 , $10 386,65 , $10 898,42 , $11 457,52 , $11 534,67 , $11 107,77 , $12 293,13 , $13 131,44 , $13 789,42 , $14 423,45 , $15 067,81 , $15 723,34 "
" Iran , $4 844,50 , $5 195,91 , $5 471,79 , $5 543,90 , $6 980,74 , $9 928,19 , $12 725,04 , $13 243,34 , $13 716,84 , $14 218,14 , $14 739,10 , $15 274,04 "
" Turkey , $10 973,59 , $10 891,19 , $10 628,90 , $9 508,00 , $9 145,77 , $8 610,03 , $9 406,58 , $9 863,96 , $10 922,67 , $12 110,44 , $13 445,84 , $14 906,40 "
" Costa Rica , $11 635,20 , $11 986,92 , $12 185,26 , $12 428,92 , $12 623,19 , $12 056,96 , $11 860,22 , $12 294,13 , $12 883,88 , $13 509,16 , $14 140,21 , $14 853,31 "
" Turkmenistan , $7 575,88 , $6 823,71 , $7 248,37 , $7 064,88 , $7 899,96 , $7 673,60 , $8 843,87 , $9 939,11 , $10 880,20 , $11 943,24 , $13 139,02 , $14 482,33 "
" Saint Lucia , $10 386,82 , $10 610,41 , $11 262,04 , $11 556,67 , $11 782,75 , $8 934,70 , $9 419,27 , $10 905,01 , $12 026,90 , $12 676,12 , $13 075,08 , $13 447,42 "
" Russian Federation , $9 257,94 , $8 723,52 , $10 724,00 , $11 261,71 , $11 516,60 , $10 115,35 , $11 273,24 , $11 664,62 , $12 024,44 , $12 450,98 , $12 908,40 , $13 398,98 "
" Mauritius , $9 258,56 , $9 681,42 , $10 485,01 , $11 205,90 , $11 088,78 , $8 618,60 , $8 681,61 , $9 437,50 , $10 308,72 , $11 281,78 , $12 274,92 , $13 291,62 "
" Serbia , $5 588,98 , $5 765,20 , $6 292,55 , $7 252,40 , $7 391,84 , $7 645,79 , $8 793,84 , $9 560,92 , $10 421,80 , $11 278,83 , $12 235,27 , $13 228,98 "
" Montenegro , $6 517,42 , $7 031,53 , $7 800,27 , $8 854,78 , $8 911,27 , $7 702,60 , $8 837,58 , $9 712,51 , $10 522,84 , $11 327,39 , $12 147,30 , $12 986,03 "
" Grenada , $9 096,54 , $9 628,26 , $10 152,83 , $10 466,81 , $10 608,38 , $9 130,37 , $9 575,34 , $10 194,01 , $10 878,13 , $11 568,88 , $12 117,26 , $12 658,32 "
" Kazakhstan , $10 435,17 , $7 662,01 , $9 186,71 , $9 749,07 , $9 750,43 , $9 071,30 , $10 144,68 , $10 510,36 , $11 104,66 , $11 656,71 , $12 103,15 , $12 647,70 "
" Mexico , $9 657,12 , $8 788,59 , $9 342,92 , $9 753,67 , $10 028,87 , $8 403,60 , $9 967,39 , $10 541,44 , $11 024,77 , $11 479,68 , $11 933,77 , $12 395,96 "
" Dominican Republic , $7 139,51 , $7 521,27 , $7 874,94 , $8 340,96 , $8 595,61 , $7 553,51 , $8 491,62 , $9 158,02 , $9 732,88 , $10 338,38 , $10 984,13 , $11 664,19 "
" Argentina , $14 895,32 , $12 772,87 , $14 618,33 , $11 786,43 , $10 054,02 , $8 571,94 , $9 929,15 , $10 448,39 , $10 189,26 , $10 337,88 , $10 723,00 , $11 129,62 "
" Dominica , $7 596,22 , $8 089,25 , $7 768,35 , $8 118,96 , $8 524,70 , $7 416,24 , $7 777,02 , $8 559,17 , $9 240,85 , $9 876,76 , $10 501,81 , $10 983,68 "
" Brazil , $8 846,48 , $8 757,31 , $9 978,09 , $9 194,15 , $8 935,76 , $6 822,56 , $7 741,15 , $8 464,33 , $9 102,21 , $9 800,05 , $10 371,90 , $10 922,30 "
" Nauru , $6 994,05 , $7 674,48 , $8 152,26 , $9 398,51 , $9 365,10 , $8 866,87 , $10 138,20 , $10 361,20 , $10 576,17 , $10 668,97 , $10 687,36 , $10 564,32 "
" Thailand , $5 837,81 , $5 995,21 , $6 596,22 , $7 293,89 , $7 816,23 , $7 187,86 , $7 808,66 , $8 356,18 , $8 791,91 , $9 316,65 , $9 869,30 , $10 441,09 "
" Gabon , $7 453,11 , $7 082,22 , $7 370,35 , $8 220,50 , $8 111,34 , $7 277,37 , $8 569,22 , $9 083,63 , $9 276,92 , $9 532,13 , $9 899,51 , $10 396,01 "
" Saint Vincent and the Grenadines , $6 867,52 , $7 033,49 , $7 187,49 , $7 353,64 , $7 470,71 , $7 304,34 , $6 952,24 , $7 720,92 , $8 378,19 , $8 915,71 , $9 388,17 , $9 829,00 "
" Botswana , $6 413,79 , $6 988,16 , $7 286,77 , $7 513,63 , $7 219,46 , $6 420,23 , $7 349,88 , $7 770,51 , $8 257,27 , $8 718,33 , $9 144,08 , $9 823,11 "
" North Macedonia  , $4 860,42 , $5 152,97 , $5 462,38 , $6 111,19 , $6 044,44 , $5 939,41 , $6 711,73 , $7 203,98 , $7 692,06 , $8 251,31 , $8 856,04 , $9 477,47 "
" Bosnia and Herzegovina , $4 727,26 , $4 994,07 , $5 392,37 , $6 073,94 , $6 120,16 , $6 035,00 , $6 647,83 , $7 078,90 , $7 568,24 , $8 092,60 , $8 651,22 , $9 221,16 "
" Belarus , $5 958,84 , $5 037,85 , $5 778,56 , $6 351,76 , $6 831,52 , $6 397,51 , $7 032,48 , $7 592,19 , $7 911,69 , $8 335,22 , $8 723,33 , $9 087,23 "
" Tuvalu , $3 396,69 , $3 798,27 , $4 255,25 , $4 507,67 , $5 052,11 , $5 105,93 , $6 004,10 , $6 455,94 , $6 965,41 , $7 468,56 , $7 982,84 , $8 497,59 "
" South Africa , $6 256,67 , $5 750,79 , $6 678,29 , $6 984,47 , $6 598,88 , $5 624,50 , $6 861,17 , $7 081,87 , $7 270,27 , $7 450,59 , $7 627,63 , $8 162,35 "
" Peru , $6 139,23 , $6 169,39 , $6 728,07 , $7 007,28 , $6 961,70 , $6 134,22 , $6 676,52 , $6 781,12 , $7 149,52 , $7 422,85 , $7 689,99 , $7 973,34 "
" Emerging market and developing economies , $4 772,48 , $4 709,14 , $5 070,54 , $5 356,36 , $5 447,83 , $5 216,94 , $5 845,10 , $6 269,90 , $6 667,39 , $7 079,04 , $7 507,20 , $7 953,85 "
" Albania , $3 953,61 , $4 124,41 , $4 525,89 , $5 254,46 , $5 305,07 , $5 152,56 , $5 837,18 , $6 284,03 , $6 622,85 , $7 027,58 , $7 445,97 , $7 880,29 "
" Equatorial Guinea , $11 217,99 , $9 202,54 , $9 624,53 , $9 968,09 , $8 394,42 , $7 136,81 , $8 625,76 , $8 058,55 , $7 886,88 , $7 846,44 , $7 722,70 , $7 689,31 "
" Georgia , $4 017,62 , $4 060,89 , $4 358,59 , $4 718,79 , $4 693,66 , $4 275,29 , $4 807,95 , $5 297,52 , $5 804,01 , $6 347,65 , $6 945,40 , $7 530,72 "
" Moldova , $2 715,78 , $2 857,88 , $3 478,52 , $4 196,16 , $4 464,12 , $4 522,60 , $4 791,63 , $5 240,23 , $5 729,29 , $6 288,49 , $6 884,59 , $7 517,89 "
" Colombia , $6 337,04 , $6 037,13 , $6 577,30 , $6 923,64 , $6 546,63 , $5 390,92 , $5 892,14 , $6 186,66 , $6 446,91 , $6 723,38 , $7 016,12 , $7 326,74 "
" Fiji , $5 385,52 , $5 620,58 , $6 049,89 , $6 272,73 , $6 142,93 , $4 995,16 , $5 127,44 , $5 507,13 , $6 053,59 , $6 548,09 , $6 954,05 , $7 305,72 "
" Ukraine , $2 124,33 , $2 200,00 , $2 655,66 , $3 118,27 , $3 690,07 , $3 741,06 , $4 384,24 , $4 958,31 , $5 439,55 , $5 957,96 , $6 553,72 , $7 185,05 "
" Armenia , $3 529,03 , $3 524,00 , $3 868,91 , $4 195,96 , $4 596,86 , $4 267,49 , $4 594,91 , $5 083,22 , $5 453,16 , $5 861,56 , $6 304,91 , $6 776,74 "
" Ecuador , $6 099,35 , $6 046,30 , $6 216,61 , $6 318,48 , $6 260,60 , $5 642,74 , $5 884,15 , $6 107,60 , $6 247,54 , $6 400,01 , $6 561,66 , $6 727,38 "
" Jamaica , $5 204,83 , $5 183,46 , $5 413,03 , $5 729,76 , $5 781,79 , $5 102,76 , $5 421,64 , $5 697,35 , $5 931,29 , $6 178,47 , $6 431,85 , $6 681,14 "
" Tonga , $4 298,22 , $4 178,29 , $4 577,00 , $4 836,44 , $5 150,55 , $4 978,80 , $5 009,78 , $5 398,00 , $5 700,37 , $6 034,76 , $6 332,73 , $6 668,22 "
" Paraguay , $5 360,08 , $5 265,06 , $5 608,16 , $5 703,32 , $5 299,67 , $4 918,23 , $5 028,22 , $5 258,69 , $5 467,53 , $5 747,83 , $6 016,24 , $6 292,03 "
" Vietnam , $2 581,91 , $2 720,17 , $2 957,90 , $3 201,69 , $3 398,21 , $3 522,51 , $3 742,86 , $4 187,47 , $4 605,45 , $5 081,41 , $5 601,40 , $6 148,54 "
" Iraq , $5 044,62 , $4 637,00 , $5 178,92 , $5 950,83 , $5 981,10 , $4 223,22 , $4 892,96 , $5 364,25 , $5 536,84 , $5 655,36 , $5 787,45 , $5 935,15 "
" Mongolia , $3 842,54 , $3 576,82 , $3 595,38 , $4 056,73 , $4 245,46 , $3 916,09 , $4 185,54 , $4 564,45 , $4 925,58 , $5 270,88 , $5 603,76 , $5 898,82 "
" Indonesia , $3 367,69 , $3 605,72 , $3 885,47 , $3 947,25 , $4 196,30 , $3 921,62 , $4 224,98 , $4 538,15 , $4 888,90 , $5 205,48 , $5 529,56 , $5 870,63 "
" Azerbaijan , $5 300,14 , $3 897,71 , $4 217,65 , $4 759,80 , $4 826,35 , $4 232,32 , $5 167,38 , $5 307,83 , $5 364,76 , $5 455,40 , $5 573,41 , $5 714,52 "
" Guatemala , $3 825,88 , $3 982,02 , $4 233,01 , $4 240,55 , $4 371,27 , $4 317,45 , $4 542,25 , $4 767,44 , $4 927,43 , $5 162,97 , $5 416,34 , $5 687,76 "
" Jordan , $4 218,83 , $4 224,80 , $4 273,91 , $4 341,04 , $4 425,69 , $4 286,49 , $4 393,64 , $4 564,91 , $4 792,51 , $5 043,13 , $5 306,87 , $5 584,39 "
" Suriname , $9 036,35 , $5 761,78 , $6 156,46 , $6 772,07 , $6 662,87 , $4 786,83 , $4 620,40 , $4 759,46 , $4 986,29 , $5 175,62 , $5 364,20 , $5 561,57 "
" Egypt , $3 731,18 , $3 653,67 , $2 484,54 , $2 577,27 , $3 056,98 , $3 600,84 , $3 851,75 , $4 176,60 , $4 449,80 , $4 718,11 , $5 004,58 , $5 329,68 "
" Namibia , $5 020,47 , $4 611,51 , $5 438,76 , $5 665,86 , $5 109,12 , $4 276,28 , $4 693,46 , $4 853,26 , $4 932,59 , $4 993,83 , $5 052,58 , $5 302,76 "
" Belize , $4 674,60 , $4 734,01 , $4 791,52 , $4 813,21 , $4 853,32 , $4 076,77 , $4 457,89 , $4 721,64 , $4 853,85 , $4 950,93 , $5 049,95 , $5 150,95 "
" Marshall Islands , $3 406,48 , $3 720,62 , $3 898,58 , $4 061,68 , $4 292,88 , $4 412,99 , $4 338,17 , $4 525,64 , $4 694,01 , $4 844,89 , $4 990,81 , $5 131,03 "
" Djibouti , $2 675,58 , $2 818,34 , $2 930,67 , $3 141,86 , $3 437,16 , $3 481,57 , $3 645,50 , $3 869,25 , $4 128,17 , $4 406,40 , $4 705,36 , $5 026,78 "
" El Salvador , $3 705,58 , $3 805,99 , $3 910,26 , $4 052,62 , $4 167,44 , $3 798,83 , $4 244,30 , $4 475,18 , $4 626,44 , $4 767,74 , $4 894,17 , $5 011,22 "
" Bhutan , $2 693,63 , $2 803,64 , $3 234,75 , $3 280,72 , $3 371,02 , $3 358,96 , $3 296,11 , $3 605,55 , $3 910,25 , $4 298,46 , $4 626,95 , $4 965,99 "
" Eswatini , $3 765,92 , $3 513,80 , $4 031,06 , $4 225,91 , $4 009,99 , $3 532,55 , $3 965,43 , $4 164,29 , $4 284,71 , $4 435,94 , $4 596,44 , $4 965,45 "
" Samoa , $4 073,68 , $4 109,09 , $4 259,62 , $4 266,50 , $4 291,25 , $4 090,06 , $3 906,41 , $4 019,18 , $4 247,63 , $4 476,95 , $4 715,21 , $4 928,04 "
" Cabo Verde , $2 996,36 , $3 082,16 , $3 239,07 , $3 616,44 , $3 601,73 , $3 065,48 , $3 346,55 , $3 618,37 , $3 918,27 , $4 237,84 , $4 585,57 , $4 908,31 "
" Sri Lanka , $3 841,52 , $3 885,76 , $4 076,75 , $4 057,33 , $3 851,67 , $3 681,55 , $3 665,77 , $3 760,38 , $3 991,48 , $4 240,87 , $4 505,44 , $4 786,45 "
" Micronesia, Fed. States of , $3 050,72 , $3 197,21 , $3 522,11 , $3 854,14 , $3 952,28 , $3 892,27 , $3 855,22 , $3 973,25 , $4 202,53 , $4 387,07 , $4 525,50 , $4 651,63 "
" Libya , $2 723,37 , $2 907,46 , $4 685,07 , $6 361,58 , $6 004,47 , $2 891,46 , $4 068,61 , $4 308,91 , $4 381,96 , $4 320,65 , $4 445,38 , $4 591,32 "
" Philippines , $3 039,23 , $3 107,65 , $3 153,31 , $3 279,52 , $3 511,87 , $3 322,51 , $3 492,07 , $3 621,21 , $3 848,48 , $4 081,49 , $4 317,12 , $4 567,06 "
" Tunisia , $3 829,50 , $3 665,68 , $3 436,20 , $3 442,70 , $3 324,13 , $3 294,88 , $3 555,59 , $3 747,54 , $3 916,28 , $4 094,26 , $4 257,46 , $4 399,40 "
" Morocco , $2 964,96 , $2 995,68 , $3 147,10 , $3 353,10 , $3 368,39 , $3 187,63 , $3 470,80 , $3 617,25 , $3 801,03 , $3 991,90 , $4 195,76 , $4 379,79 "
" Bolivia , $3 069,32 , $3 110,87 , $3 388,52 , $3 588,09 , $3 591,40 , $3 167,61 , $3 266,69 , $3 419,33 , $3 616,43 , $3 827,39 , $4 047,44 , $4 267,99 "
" Nigeria , $2 718,59 , $2 176,00 , $1 968,56 , $2 153,09 , $2 229,85 , $2 083,16 , $2 272,84 , $2 562,19 , $2 861,37 , $3 150,50 , $3 483,97 , $3 854,82 "
" West Bank and Gaza , $3 084,13 , $3 325,85 , $3 407,31 , $3 353,23 , $3 442,75 , $3 050,55 , $3 320,85 , $3 514,22 , $3 648,08 , $3 720,81 , $3 778,58 , $3 833,63 "
" Vanuatu , $2 771,66 , $2 844,13 , $3 158,84 , $3 256,32 , $3 147,05 , $3 090,47 , $3 235,21 , $3 355,57 , $3 486,33 , $3 607,64 , $3 699,82 , $3 793,28 "
" Algeria , $4 153,32 , $3 918,94 , $4 079,65 , $4 118,74 , $3 939,54 , $3 337,32 , $3 638,33 , $3 672,46 , $3 696,74 , $3 673,80 , $3 632,98 , $3 596,42 "
" Papua New Guinea , $2 742,92 , $2 567,58 , $2 755,49 , $2 861,45 , $2 886,59 , $2 651,09 , $2 951,98 , $3 093,66 , $3 212,23 , $3 320,42 , $3 440,80 , $3 559,96 "
" Lao P.D.R. , $2 130,63 , $2 323,28 , $2 452,86 , $2 567,55 , $2 618,18 , $2 586,78 , $2 625,61 , $2 757,81 , $2 878,08 , $3 036,72 , $3 214,82 , $3 398,17 "
" Côte d'Ivoire , $1 932,22 , $1 971,62 , $2 066,85 , $2 265,29 , $2 227,98 , $2 271,38 , $2 489,10 , $2 645,56 , $2 820,36 , $2 999,21 , $3 185,31 , $3 369,66 "
" Bangladesh , $1 248,89 , $1 401,51 , $1 563,81 , $1 693,77 , $1 854,67 , $1 961,61 , $2 138,79 , $2 326,63 , $2 534,45 , $2 754,41 , $2 994,46 , $3 253,50 "
" Honduras , $2 302,20 , $2 342,02 , $2 451,94 , $2 506,62 , $2 567,97 , $2 396,69 , $2 602,17 , $2 712,44 , $2 821,80 , $2 935,21 , $3 057,54 , $3 191,61 "
" Solomon Islands , $2 174,31 , $2 229,57 , $2 291,68 , $2 398,81 , $2 356,62 , $2 281,35 , $2 356,51 , $2 514,94 , $2 698,58 , $2 839,44 , $2 955,27 , $3 072,23 "
" Ghana , $1 784,25 , $1 982,24 , $2 086,60 , $2 275,77 , $2 265,71 , $2 225,51 , $2 413,10 , $2 556,51 , $2 666,59 , $2 787,11 , $2 919,42 , $3 053,53 "
" India , $1 605,61 , $1 732,05 , $1 980,69 , $1 996,95 , $2 098,93 , $1 929,68 , $2 116,44 , $2 312,90 , $2 478,62 , $2 649,21 , $2 829,65 , $3 018,10 "
" S?o Tomé and Príncipe , $1 623,81 , $1 737,73 , $1 842,33 , $1 988,72 , $2 021,93 , $2 189,68 , $2 392,89 , $2 523,79 , $2 656,96 , $2 794,22 , $2 938,20 , $3 002,28 "
" Uzbekistan , $2 761,29 , $2 712,81 , $1 899,66 , $1 611,23 , $1 801,43 , $1 767,49 , $1 901,49 , $2 078,94 , $2 277,04 , $2 501,74 , $2 740,84 , $3 002,19 "
" Congo, Republic of  , $2 873,72 , $2 395,18 , $2 555,44 , $3 062,92 , $2 800,29 , $2 206,17 , $2 655,72 , $2 704,46 , $2 746,97 , $2 902,65 , $2 938,00 , $2 952,43 "
" Kenya , $1 625,16 , $1 688,87 , $1 805,38 , $1 983,37 , $2 110,46 , $2 103,55 , $2 198,59 , $2 290,50 , $2 394,73 , $2 510,40 , $2 637,89 , $2 771,25 "
" Angola , $4 354,92 , $3 676,83 , $4 300,10 , $3 465,06 , $2 805,26 , $1 881,20 , $2 200,68 , $2 276,75 , $2 338,75 , $2 422,66 , $2 526,50 , $2 602,68 "
" Mauritania , $1 668,07 , $1 690,81 , $1 758,55 , $1 851,73 , $1 943,80 , $1 955,50 , $2 161,28 , $2 154,15 , $2 212,37 , $2 255,12 , $2 277,22 , $2 336,88 "
" Nicaragua , $2 036,93 , $2 099,59 , $2 156,15 , $2 016,16 , $1 934,14 , $1 942,64 , $2 047,10 , $2 109,30 , $2 143,84 , $2 183,22 , $2 237,72 , $2 312,77 "
" Cambodia , $1 203,48 , $1 320,33 , $1 448,11 , $1 588,00 , $1 736,42 , $1 606,81 , $1 647,02 , $1 749,81 , $1 872,93 , $2 006,88 , $2 151,59 , $2 308,74 "
" Senegal , $1 219,37 , $1 269,55 , $1 361,22 , $1 458,73 , $1 430,21 , $1 474,02 , $1 602,90 , $1 699,40 , $1 890,98 , $2 012,74 , $2 126,07 , $2 231,18 "
" Kiribati , $1 556,50 , $1 598,89 , $1 656,63 , $1 748,65 , $1 695,30 , $1 673,41 , $1 927,08 , $2 001,24 , $2 073,46 , $2 128,71 , $2 169,59 , $2 201,48 "
" Cameroon , $1 327,64 , $1 363,95 , $1 424,60 , $1 535,19 , $1 507,51 , $1 504,50 , $1 645,81 , $1 730,10 , $1 820,21 , $1 920,12 , $2 034,72 , $2 152,76 "
" Benin , $1 076,91 , $1 086,99 , $1 136,19 , $1 240,84 , $1 218,28 , $1 290,50 , $1 446,83 , $1 551,42 , $1 654,79 , $1 766,17 , $1 883,33 , $2 001,48 "
" Zimbabwe , $1 425,01 , $1 444,26 , $1 526,71 , $1 606,11 , $1 314,09 , $1 443,42 , $1 664,76 , $1 757,99 , $1 731,92 , $1 728,27 , $1 769,63 , $1 846,61 "
" Haiti , $1 359,21 , $1 263,43 , $1 337,16 , $1 441,86 , $1 277,21 , $1 235,48 , $1 691,83 , $1 560,23 , $1 619,04 , $1 650,35 , $1 696,40 , $1 745,55 "
" Comoros , $1 231,14 , $1 256,04 , $1 300,57 , $1 386,01 , $1 359,75 , $1 355,30 , $1 390,06 , $1 426,52 , $1 466,97 , $1 509,84 , $1 560,31 , $1 613,46 "
" Nepal , $901,75 , $899,52 , $1 048,45 , $1 178,53 , $1 200,97 , $1 178,33 , $1 172,64 , $1 226,01 , $1 312,94 , $1 400,35 , $1 488,45 , $1 580,37 "
" Kyrgyz Republic , $1 132,84 , $1 131,84 , $1 254,51 , $1 321,95 , $1 388,65 , $1 188,82 , $1 224,75 , $1 313,86 , $1 387,09 , $1 440,64 , $1 497,56 , $1 552,21 "
" Timor-Leste , $1 332,79 , $1 353,75 , $1 286,41 , $1 230,23 , $1 560,51 , $1 347,86 , $1 262,72 , $1 301,32 , $1 344,33 , $1 384,54 , $1 453,89 , $1 530,18 "
" Guinea , $712,05 , $679,96 , $796,04 , $891,89 , $991,74 , $1 101,71 , $1 168,18 , $1 241,83 , $1 299,51 , $1 362,59 , $1 425,85 , $1 495,30 "
" Tanzania , $947,90 , $966,29 , $1 002,87 , $1 036,93 , $1 079,68 , $1 110,37 , $1 159,19 , $1 211,77 , $1 264,24 , $1 321,45 , $1 383,63 , $1 448,61 "
" Myanmar , $1 223,74 , $1 163,79 , $1 177,08 , $1 271,68 , $1 302,28 , $1 527,43 , $1 246,32 , $1 170,09 , $1 228,54 , $1 289,98 , $1 353,51 , $1 421,46 "
" Uganda , $773,28 , $809,57 , $833,42 , $881,50 , $954,25 , $925,26 , $1 018,44 , $1 074,68 , $1 097,51 , $1 170,95 , $1 282,49 , $1 402,67 "
" Togo , $770,36 , $802,94 , $830,45 , $901,93 , $893,16 , $915,63 , $1 000,44 , $1 075,57 , $1 151,57 , $1 230,43 , $1 312,32 , $1 394,90 "
" Lesotho , $1 106,83 , $1 105,77 , $1 166,07 , $1 140,52 , $1 087,59 , $969,71 , $1 187,51 , $1 227,37 , $1 271,60 , $1 314,76 , $1 343,73 , $1 394,55 "
" Zambia , $1 310,46 , $1 254,12 , $1 500,96 , $1 480,42 , $1 272,24 , $1 023,16 , $1 115,27 , $1 195,78 , $1 186,79 , $1 187,48 , $1 212,44 , $1 243,12 "
" Burkina Faso , $653,39 , $688,06 , $734,74 , $813,47 , $786,93 , $831,01 , $926,20 , $988,30 , $1 049,97 , $1 112,79 , $1 177,04 , $1 241,64 "
" Mali , $773,95 , $804,08 , $854,98 , $922,55 , $905,82 , $889,79 , $966,14 , $1 019,32 , $1 075,56 , $1 132,07 , $1 178,11 , $1 237,18 "
" Guinea-Bissau , $707,90 , $748,09 , $864,14 , $866,45 , $810,56 , $789,86 , $858,04 , $907,34 , $972,94 , $1 040,90 , $1 112,56 , $1 186,06 "
" Tajikistan , $919,07 , $795,98 , $800,80 , $825,77 , $873,50 , $843,97 , $839,18 , $890,17 , $929,20 , $968,77 , $1 013,32 , $1 050,58 "
" Rwanda , $755,95 , $755,74 , $784,14 , $796,81 , $835,19 , $815,82 , $802,26 , $832,57 , $880,53 , $928,79 , $988,37 , $1 045,86 "
" Gambia, The , $649,51 , $684,00 , $676,66 , $729,04 , $768,92 , $769,66 , $819,22 , $846,51 , $893,57 , $942,07 , $995,04 , $1 045,86 "
" Sudan , $1 679,07 , $1 638,51 , $1 172,97 , $796,30 , $776,55 , $775,64 , $789,45 , $809,09 , $841,11 , $889,61 , $944,04 , $998,77 "
" Niger , $484,17 , $497,88 , $517,77 , $572,56 , $553,91 , $568,49 , $622,23 , $661,76 , $728,48 , $807,68 , $871,12 , $914,79 "
" Chad , $776,11 , $700,56 , $671,18 , $713,03 , $685,68 , $659,67 , $729,84 , $743,84 , $765,72 , $802,39 , $842,10 , $878,22 "
" Liberia , $747,18 , $767,37 , $763,11 , $731,32 , $672,88 , $647,10 , $703,41 , $743,00 , $750,72 , $788,84 , $829,81 , $872,57 "
" Eritrea , $603,19 , $655,42 , $557,86 , $580,85 , $566,73 , $587,68 , $625,97 , $678,25 , $711,16 , $740,70 , $770,96 , $802,92 "
" Congo, Dem. Rep. of the , $497,28 , $465,03 , $466,60 , $560,81 , $580,70 , $543,83 , $593,56 , $622,07 , $655,06 , $689,72 , $726,24 , $758,87 "
" Yemen , $1 500,67 , $1 075,03 , $895,43 , $701,13 , $691,59 , $580,22 , $585,00 , $587,41 , $612,95 , $637,37 , $666,75 , $689,64 "
" Central African Republic , $377,48 , $402,05 , $450,74 , $488,56 , $479,85 , $494,19 , $525,91 , $557,44 , $589,14 , $621,77 , $655,22 , $689,44 "
" Mozambique , $589,86 , $428,93 , $461,42 , $503,30 , $506,82 , $448,84 , $492,27 , $506,47 , $568,71 , $585,67 , $602,80 , $682,20 "
" Madagascar , $467,24 , $476,23 , $515,94 , $518,49 , $512,18 , $461,80 , $498,68 , $531,41 , $565,09 , $592,48 , $631,72 , $666,99 "
" Sierra Leone , $592,90 , $525,95 , $495,81 , $533,97 , $527,17 , $526,72 , $541,06 , $551,69 , $545,34 , $548,34 , $560,36 , $578,46 "
" Malawi , $497,74 , $415,02 , $466,56 , $501,11 , $543,69 , $567,59 , $565,80 , $543,55 , $520,63 , $508,56 , $505,32 , $508,47 "
" Somalia , $310,46 , $312,86 , $326,52 , $327,32 , $346,16 , $331,64 , $350,36 , $369,62 , $403,28 , $437,79 , $464,39 , $490,69 "
" South Sudan, Republic of , $1 245,68 , $286,21 , $277,69 , $359,06 , $343,01 , $322,20 , $230,13 , $313,59 , $389,67 , $388,39 , $377,55 , $440,62 "
" Burundi , $304,24 , $281,06 , $291,86 , $271,29 , $261,29 , $255,98 , $261,05 , $269,56 , $280,26 , $291,83 , $304,54 , $317,21 "
